"STATION","NAME","DATE","AWND","PGTM","PRCP","SNOW","SNWD","TAVG","TMAX","TMIN","WDF2","WDF5","WSF2","WSF5","WT01","WT02","WT03","WT04","WT05","WT06","WT08","WT09"
"USW00094789","JFK INTERNATIONAL AIRPORT, NY US","2015-01-01","7.7",,"0.0","0.0","0.0","0.3","4.4","-2.1","  230","  230","11.6","14.3",,,,,,,,
"USW00094789","JFK INTERNATIONAL AIRPORT, NY US","2015-01-02","6.1",,"0.0","0.0","0.0","4.1","7.2","1.7","  300","  300","10.7","13.4",,,,,,,,
"USW00094789","JFK INTERNATIONAL AIRPORT, NY US","2015-01-03","4.1",,"23.9","0.0","0.0","2.5","8.3","-1.0","   90","  100","8.1","10.3","    1",,,,,,,
"USW00094789","JFK INTERNATIONAL AIRPORT, NY US","2015-01-04","4.5",,"11.9","0.0","0.0","8.5","12.8","6.1","  290","  290","12.5","16.1","    1","    1",,,,,,
"USW00094789","JFK INTERNATIONAL AIRPORT, NY US","2015-01-05","8.8",,"0.0","0.0","0.0","6.1","10.6","-4.9","  280","  290","14.8","21.5",,,,,,,,
"USW00094789","JFK INTERNATIONAL AIRPORT, NY US","2015-01-06","3.8",,"1.8","28.0","0.0","-5.5","-4.9","-7.1","  310","  310","10.3","12.5","    1",,,,,,,
"USW00094789","JFK INTERNATIONAL AIRPORT, NY US","2015-01-07","9.6",,"0.0","0.0","30.0","-5.6","-3.8","-12.1","  310","  310","17.9","21.0",,,,,,,,
"USW00094789","JFK INTERNATIONAL AIRPORT, NY US","2015-01-08","7.7",,"0.0","0.0","0.0","-10.1","-5.5","-13.2","  310","  300","14.8","17.4",,,,,,,,
"USW00094789","JFK INTERNATIONAL AIRPORT, NY US","2015-01-09","8.8",,"1.8","33.0","0.0","-3.3","1.1","-6.0","  210","  270","14.8","17.9","    1",,,,,,,"    1"
"USW00094789","JFK INTERNATIONAL AIRPORT, NY US","2015-01-10","7.4",,"0.0","0.0","30.0","-5.3","-4.3","-7.7","  280","  280","11.2","14.3",,,,,,,,
"USW00094789","JFK INTERNATIONAL AIRPORT, NY US","2015-01-11","4.9",,"0.0","0.0","30.0","-3.5","3.3","-6.6","  200","  190","9.4","10.7",,,,,,,,
"USW00094789","JFK INTERNATIONAL AIRPORT, NY US","2015-01-12","2.7",,"17.8","0.0","0.0","2.3","4.4","1.1","  350","  350","7.2","8.9","    1",,,,,,,
"USW00094789","JFK INTERNATIONAL AIRPORT, NY US","2015-01-13","6.8",,"0.0","0.0","0.0","0.1","2.8","-7.1","  360","  360","10.7","13.0",,,,,,,,
"USW00094789","JFK INTERNATIONAL AIRPORT, NY US","2015-01-14","5.2",,"0.0","0.0","0.0","-4.2","0.6","-7.1","   30","   20","7.2","8.9",,,,,,,,
"USW00094789","JFK INTERNATIONAL AIRPORT, NY US","2015-01-15","4.4",,"0.0","0.0","0.0","-0.6","1.7","-2.7","  270","  260","8.1","9.8",,,,,,,,
"USW00094789","JFK INTERNATIONAL AIRPORT, NY US","2015-01-16","8.2",,"0.0","0.0","0.0","1.3","7.2","-6.6","  310","  300","16.1","20.1",,,,,,,,
"USW00094789","JFK INTERNATIONAL AIRPORT, NY US","2015-01-17","4.7",,"0.0","0.0","0.0","-4.9","0.0","-7.7","  320","  330","9.4","11.6",,,,,,,,
"USW00094789","JFK INTERNATIONAL AIRPORT, NY US","2015-01-18","2.8",,"41.1","0.0","0.0","2.3","8.3","-2.7","  310","  300","9.4","10.3","    1",,,,,,,
"USW00094789","JFK INTERNATIONAL AIRPORT, NY US","2015-01-19","6.8",,"0.0","0.0","0.0","4.3","7.2","1.7","  290","  290","13.9","16.5",,,,,,,,
"USW00094789","JFK INTERNATIONAL AIRPORT, NY US","2015-01-20","5.4",,"0.0","0.0","0.0","3.9","5.0","0.0","  290","  310","8.9","12.5",,,,,,,,
"USW00094789","JFK INTERNATIONAL AIRPORT, NY US","2015-01-21","2.7",,"0.0","0.0","0.0","0.2","3.3","-3.2","   20","  120","6.3","8.9",,,,,,,,
"USW00094789","JFK INTERNATIONAL AIRPORT, NY US","2015-01-22","3.6",,"0.0","0.0","0.0","1.9","5.0","-0.5","  310","  310","8.9","12.5",,,,,,,,
"USW00094789","JFK INTERNATIONAL AIRPORT, NY US","2015-01-23","4.7",,"0.0","0.0","0.0","0.7","3.9","-2.1","  230","  230","7.6","9.4",,,,,,,,
"USW00094789","JFK INTERNATIONAL AIRPORT, NY US","2015-01-24","5.1",,"19.1","86.0","80.0","1.9","4.4","0.6","  300",,"10.3",,"    1","    1",,,,,,
"USW00094789","JFK INTERNATIONAL AIRPORT, NY US","2015-01-25","6.7",,"0.0","0.0","0.0","3.7","7.2","0.0","  290","  300","11.6","14.8",,,,,,,,
"USW00094789","JFK INTERNATIONAL AIRPORT, NY US","2015-01-26","8.2",,"8.4","130.0","0.0","-2.0","0.0","-4.3","   20","   30","13.9","17.4","    1",,,,,,,"    1"
"USW00094789","JFK INTERNATIONAL AIRPORT, NY US","2015-01-27","8.5",,"7.9","142.0","230.0","-4.0","-2.7","-6.6","  360","  350","13.0","16.1",,,,,,,,"    1"
"USW00094789","JFK INTERNATIONAL AIRPORT, NY US","2015-01-28","6.2",,"0.0","0.0","250.0","-4.7","0.6","-8.2","  330","  330","10.7","13.0",,,,,,,,
"USW00094789","JFK INTERNATIONAL AIRPORT, NY US","2015-01-29","3.7",,"0.3","0.0","230.0","-3.7","2.8","-8.2","  200","  240","8.9","12.5",,,,,,,,
"USW00094789","JFK INTERNATIONAL AIRPORT, NY US","2015-01-30","8.4",,"1.0","15.0","230.0","1.9","3.3","-7.1","  310","  320","17.0","21.9","    1",,,,,,,
"USW00094789","JFK INTERNATIONAL AIRPORT, NY US","2015-01-31","10.3",,"0.0","0.0","180.0","-6.2","-2.7","-9.9","  310","  310","17.0","21.0",,,,,,,,
"USW00094789","JFK INTERNATIONAL AIRPORT, NY US","2015-02-01","3.9",,"0.8","8.0","180.0","-2.6","2.2","-6.0","  270","  270","7.6","8.9","    1",,,,,,,
"USW00094789","JFK INTERNATIONAL AIRPORT, NY US","2015-02-02","8.5",,"30.0","107.0","200.0","-0.2","1.7","-9.3","  310","  320","13.9","17.4","    1","    1",,"    1",,"    1","    1",
"USW00094789","JFK INTERNATIONAL AIRPORT, NY US","2015-02-03","6.4",,"0.0","0.0","200.0","-6.8","-3.2","-9.9","  310","  310","14.3","17.9",,,,,,,,
"USW00094789","JFK INTERNATIONAL AIRPORT, NY US","2015-02-04","6.1",,"0.0","0.0","200.0","-0.7","3.9","-5.5","  200","  190","10.7","12.5",,,,,,,,
"USW00094789","JFK INTERNATIONAL AIRPORT, NY US","2015-02-05","8.8",,"0.0","3.0","130.0","0.5","3.9","-9.3","  330","  320","14.8","18.3",,,,,,,,
"USW00094789","JFK INTERNATIONAL AIRPORT, NY US","2015-02-06","6.3",,"0.0","0.0","130.0","-7.4","-2.7","-10.5","  260","  270","10.7","13.4",,,,,,,,
"USW00094789","JFK INTERNATIONAL AIRPORT, NY US","2015-02-07","3.7",,"0.0","0.0","100.0","-1.3","2.8","-3.8","  240","  250","6.3","7.6",,,,,,,,
"USW00094789","JFK INTERNATIONAL AIRPORT, NY US","2015-02-08","3.9",,"0.0","0.0","100.0","2.9","5.6","-1.6","   50","   50","8.9","10.7","    1",,,,,,"    1",
"USW00094789","JFK INTERNATIONAL AIRPORT, NY US","2015-02-09","7.7",,"3.6","3.0","50.0","-2.0","-1.6","-3.2","   30","   40","10.7","13.4",,,,"    1",,"    1",,
"USW00094789","JFK INTERNATIONAL AIRPORT, NY US","2015-02-10","6.9",,"0.0","0.0","50.0","-1.2","4.4","-3.2","   20","  360","10.3","12.5",,,,,,,,
"USW00094789","JFK INTERNATIONAL AIRPORT, NY US","2015-02-11","4.5",,"0.0","0.0","50.0","-1.3","1.7","-4.9","   30","   30","9.8","12.5",,,,,,,,
"USW00094789","JFK INTERNATIONAL AIRPORT, NY US","2015-02-12","5.9",,"0.0","0.0","30.0","-0.4","4.4","-7.7","  330","  330","16.1","19.7",,,,,,,,
"USW00094789","JFK INTERNATIONAL AIRPORT, NY US","2015-02-13","8.4",,"0.0","0.0","30.0","-7.3","-4.9","-12.7","  310","  310","17.0","21.0",,,,,,,,
"USW00094789","JFK INTERNATIONAL AIRPORT, NY US","2015-02-14","4.7",,"0.3","10.0","30.0","-4.3","1.7","-8.8","  200","  190","12.5","14.3",,,,,,,,
"USW00094789","JFK INTERNATIONAL AIRPORT, NY US","2015-02-15","12.4",,"0.3","8.0","30.0","-5.9","-2.7","-14.9","  310","  310","17.0","21.9",,,,,,,,"    1"
"USW00094789","JFK INTERNATIONAL AIRPORT, NY US","2015-02-16","6.6",,"0.0","0.0","30.0","-11.5","-4.9","-14.9","  300","  310","14.8","19.7",,,,,,,,
"USW00094789","JFK INTERNATIONAL AIRPORT, NY US","2015-02-17","3.1",,"4.8","89.0","100.0","-6.4","-2.7","-8.8","   30","   20","7.2","8.9",,,,,,,,
"USW00094789","JFK INTERNATIONAL AIRPORT, NY US","2015-02-18","2.6",,"0.0","0.0","80.0","-5.2","-0.5","-9.3","  250","  250","7.6","10.3",,,,,,,,
"USW00094789","JFK INTERNATIONAL AIRPORT, NY US","2015-02-19","9.5",,"0.0","0.0","50.0","-5.5","-2.7","-12.7","  310","  300","13.9","17.4",,,,,,,,
"USW00094789","JFK INTERNATIONAL AIRPORT, NY US","2015-02-20","8.4",,"0.0","0.0","50.0","-11.6","-6.0","-16.0","  290","  300","13.9","17.9",,,,,,,,
"USW00094789","JFK INTERNATIONAL AIRPORT, NY US","2015-02-21","4.4",,"15.0","114.0","30.0","-6.3","0.6","-11.6","  190","  200","11.2","13.9","    1",,,,,"    1",,
"USW00094789","JFK INTERNATIONAL AIRPORT, NY US","2015-02-22","1.8",,"5.1","5.0","130.0","1.2","6.1","0.0","  270","  310","5.8","10.3","    1",,,,,"    1",,
"USW00094789","JFK INTERNATIONAL AIRPORT, NY US","2015-02-23","8.5",,"0.0","0.0","80.0","-1.4","3.3","-12.7","  330","  320","13.9","17.0",,,,,,,,
"USW00094789","JFK INTERNATIONAL AIRPORT, NY US","2015-02-24","4.2",,"0.0","0.0","80.0","-10.3","-2.1","-13.8","  180","  180","9.4","10.7",,,,,,,,
"USW00094789","JFK INTERNATIONAL AIRPORT, NY US","2015-02-25","4.8",,"0.0","0.0","50.0","-2.3","2.8","-7.1","  260","  270","10.3","13.0",,,,,,,,
"USW00094789","JFK INTERNATIONAL AIRPORT, NY US","2015-02-26","5.7",,"0.0","0.0","50.0","-2.3","0.0","-4.9","   20","   30","10.3","12.5",,,,,,,,
"USW00094789","JFK INTERNATIONAL AIRPORT, NY US","2015-02-27","4.6",,"0.0","0.0","50.0","-3.9","0.0","-6.6","  340","  230","8.1","11.2",,,,,,,,
"USW00094789","JFK INTERNATIONAL AIRPORT, NY US","2015-02-28","3.7",,"0.0","0.0","30.0","-4.9","-0.5","-9.3","  330","  330","8.9","10.3",,,,,,,,
"USW00094789","JFK INTERNATIONAL AIRPORT, NY US","2015-03-01","2.1",,"13.0","79.0","30.0","-3.3","0.6","-6.6","  210","  190","8.1","10.3","    1",,,"    1",,"    1",,
"USW00094789","JFK INTERNATIONAL AIRPORT, NY US","2015-03-02","6.8",,"0.0","0.0","100.0","0.3","3.9","-2.1","  310","  320","13.4","17.4","    1",,,,,,"    1",
"USW00094789","JFK INTERNATIONAL AIRPORT, NY US","2015-03-03","4.0",,"17.8","30.0","80.0","-1.9","2.2","-7.1","  200","  180","7.6","9.4","    1",,,"    1",,,,
"USW00094789","JFK INTERNATIONAL AIRPORT, NY US","2015-03-04","4.9",,"7.6","0.0","80.0","2.6","5.0","0.6","  240","  240","8.1","10.3","    1",,,,,,,
"USW00094789","JFK INTERNATIONAL AIRPORT, NY US","2015-03-05","5.9",,"18.5","147.0","30.0","0.4","5.0","-6.0","  330","  320","10.7","13.0","    1","    1",,"    1",,,"    1",
"USW00094789","JFK INTERNATIONAL AIRPORT, NY US","2015-03-06","4.3",,"0.0","0.0","180.0","-6.6","-3.8","-10.5","  340","  340","10.7","13.0",,,,,,,"    1",
"USW00094789","JFK INTERNATIONAL AIRPORT, NY US","2015-03-07","5.3",,"0.0","0.0","150.0","-3.6","2.8","-8.8","  250","  240","10.3","11.6",,,,,,,,
"USW00094789","JFK INTERNATIONAL AIRPORT, NY US","2015-03-08","4.4",,"0.0","0.0","100.0","3.8","8.9","-1.0","  270","  270","12.5","15.7",,,,,,,,
"USW00094789","JFK INTERNATIONAL AIRPORT, NY US","2015-03-09","3.8",,"0.5","0.0","50.0","5.8","12.2","0.0","  270","  270","7.6","9.8",,,,,,,,
"USW00094789","JFK INTERNATIONAL AIRPORT, NY US","2015-03-10","1.4",,"12.4","0.0","30.0","5.7","10.0","1.1","  150","  150","5.4","6.7","    1",,,,,,,
"USW00094789","JFK INTERNATIONAL AIRPORT, NY US","2015-03-11","5.2",,"0.5","0.0","0.0","9.3","16.7","4.4","  300","  300","10.7","13.9","    1",,,,,,,
"USW00094789","JFK INTERNATIONAL AIRPORT, NY US","2015-03-12","8.8",,"0.0","0.0","0.0","8.2","10.0","2.2","  320","  310","18.3","21.5",,,,,,,,
"USW00094789","JFK INTERNATIONAL AIRPORT, NY US","2015-03-13","3.6",,"0.0","0.0","0.0","2.8","5.0","-1.0","  170","  160","7.2","8.9",,,,,,,,
"USW00094789","JFK INTERNATIONAL AIRPORT, NY US","2015-03-14","4.0",,"28.2","0.0","0.0","5.9","9.4","3.9","  160","  160","9.8","12.5","    1","    1",,,,,,
"USW00094789","JFK INTERNATIONAL AIRPORT, NY US","2015-03-15","9.0",,"0.0","0.0","0.0","7.3","7.8","2.8","  310","  300","17.0","22.8",,,,,,,,
"USW00094789","JFK INTERNATIONAL AIRPORT, NY US","2015-03-16","3.9",,"0.0","0.0","0.0","4.9","10.0","2.2","  310","  310","10.7","13.0",,,,,,,,
"USW00094789","JFK INTERNATIONAL AIRPORT, NY US","2015-03-17","8.2",,"0.5","0.0","0.0","8.2","15.6","1.1","  300","  320","19.2","23.7",,,,,,,,
"USW00094789","JFK INTERNATIONAL AIRPORT, NY US","2015-03-18","8.4",,"0.0","0.0","0.0","1.8","5.0","-1.0","  310","  320","16.1","19.7",,,,,,,,
"USW00094789","JFK INTERNATIONAL AIRPORT, NY US","2015-03-19","5.3",,"0.0","0.0","0.0","1.4","6.7","-1.0","  310","  310","11.2","13.4",,,,,,,,
"USW00094789","JFK INTERNATIONAL AIRPORT, NY US","2015-03-20","4.6",,"8.4","76.0","0.0","1.7","4.4","-0.5","   40","   60","7.6","9.4","    1",,,,,,,
"USW00094789","JFK INTERNATIONAL AIRPORT, NY US","2015-03-21","4.1",,"0.5","0.0","80.0","1.4","8.9","-1.0","  310","  310","8.9","10.7","    1",,,,,,,
"USW00094789","JFK INTERNATIONAL AIRPORT, NY US","2015-03-22","7.7",,"0.0","0.0","0.0","5.2","7.2","-2.1","  330","  330","11.6","15.7",,,,,,,,
"USW00094789","JFK INTERNATIONAL AIRPORT, NY US","2015-03-23","6.9",,"0.0","0.0","0.0","0.1","5.0","-4.3","  300","  340","10.7","14.3",,,,,,,,
"USW00094789","JFK INTERNATIONAL AIRPORT, NY US","2015-03-24","3.8",,"0.0","0.0","0.0","0.9","6.1","-3.2","  350","  350","7.2","8.9",,,,,,,,
"USW00094789","JFK INTERNATIONAL AIRPORT, NY US","2015-03-25","2.5",,"3.0","0.0","0.0","3.0","7.8","-1.0","  170","  180","7.6","9.8","    1",,,,,,,
"USW00094789","JFK INTERNATIONAL AIRPORT, NY US","2015-03-26","4.2",,"6.4","0.0","0.0","7.4","12.2","5.0","  180","  190","12.5","16.5","    1","    1",,,,,,
"USW00094789","JFK INTERNATIONAL AIRPORT, NY US","2015-03-27","4.9",,"5.8","0.0","0.0","7.4","8.3","5.0","  350","  330","8.1","10.3",,,,,,,,
"USW00094789","JFK INTERNATIONAL AIRPORT, NY US","2015-03-28","7.8",,"0.0","0.0","0.0","3.9","5.6","-2.1","  330","  330","10.7","13.4",,,,,,,,
"USW00094789","JFK INTERNATIONAL AIRPORT, NY US","2015-03-29","6.1",,"0.0","0.0","0.0","1.2","7.8","-2.7","  330","  350","9.4","11.6",,,,,,,,
"USW00094789","JFK INTERNATIONAL AIRPORT, NY US","2015-03-30","6.7",,"0.0","0.0","0.0","5.4","14.4","2.2","  320","  310","12.5","14.3",,,,,,,,
"USW00094789","JFK INTERNATIONAL AIRPORT, NY US","2015-03-31","5.3",,"0.8","0.0","0.0","6.9","8.9","2.8","  300","  290","8.9","11.2",,,,,,,,
"USW00094789","JFK INTERNATIONAL AIRPORT, NY US","2015-04-01","5.1",,"0.0","0.0","0.0","5.3","11.7","1.1","  320","  300","9.4","13.0",,,,,,,,
"USW00094789","JFK INTERNATIONAL AIRPORT, NY US","2015-04-02","6.4",,"0.0","0.0","0.0","7.9","13.9","0.6","  190","  190","14.8","19.2",,,,,,,,
"USW00094789","JFK INTERNATIONAL AIRPORT, NY US","2015-04-03","3.4",,"2.8","0.0","0.0","9.9","15.0","7.8","  190","  190","7.2","8.1","    1","    1",,,,,,
"USW00094789","JFK INTERNATIONAL AIRPORT, NY US","2015-04-04","9.3",,"0.0","0.0","0.0","10.4","13.3","6.7","  300","  320","17.0","21.0","    1","    1",,,,,,
"USW00094789","JFK INTERNATIONAL AIRPORT, NY US","2015-04-05","5.8",,"0.0","0.0","0.0","10.1","18.3","3.3","  260","  250","14.3","17.9",,,,,,,,
"USW00094789","JFK INTERNATIONAL AIRPORT, NY US","2015-04-06","4.7",,"0.0","0.0","0.0","9.5","15.6","3.9","  190","  190","11.6","14.3",,,,,,,,
"USW00094789","JFK INTERNATIONAL AIRPORT, NY US","2015-04-07","3.8",,"0.8","0.0","0.0","10.7","13.9","6.7","   40","   40","9.4","10.7",,,,,,,,
"USW00094789","JFK INTERNATIONAL AIRPORT, NY US","2015-04-08","6.5",,"0.3","0.0","0.0","7.4","9.4","2.2","   70","   70","10.7","13.4","    1",,,,,,"    1",
"USW00094789","JFK INTERNATIONAL AIRPORT, NY US","2015-04-09","5.1",,"0.0","0.0","0.0","4.6","6.7","3.3","   40","   40","8.9","11.2","    1",,,,,,,
"USW00094789","JFK INTERNATIONAL AIRPORT, NY US","2015-04-10","3.7",,"4.8","0.0","0.0","6.7","14.4","4.4","  100","  100","9.8","11.2","    1","    1",,,,,"    1",
"USW00094789","JFK INTERNATIONAL AIRPORT, NY US","2015-04-11","7.5",,"0.0","0.0","0.0","13.4","16.1","7.2","  320","  310","11.6","16.1",,,,,,,,
"USW00094789","JFK INTERNATIONAL AIRPORT, NY US","2015-04-12","4.0",,"0.0","0.0","0.0","10.5","16.1","6.1","  180","  170","8.1","10.3",,,,,,,,
"USW00094789","JFK INTERNATIONAL AIRPORT, NY US","2015-04-13","6.4",,"0.0","0.0","0.0","10.6","16.7","6.1","  180","  180","13.0","17.0",,,,,,,,
"USW00094789","JFK INTERNATIONAL AIRPORT, NY US","2015-04-14","2.6",,"1.0","0.0","0.0","13.2","18.9","10.0","  360","  190","7.2","9.8",,,,,,,,
"USW00094789","JFK INTERNATIONAL AIRPORT, NY US","2015-04-15","5.4",,"0.0","0.0","0.0","15.3","22.2","10.0","  350","  350","11.6","15.7",,,,,,,,
"USW00094789","JFK INTERNATIONAL AIRPORT, NY US","2015-04-16","4.9",,"0.0","0.0","0.0","13.8","15.6","8.9","  120","  100","8.9","10.7",,,,,,,,
"USW00094789","JFK INTERNATIONAL AIRPORT, NY US","2015-04-17","4.4",,"2.8","0.0","0.0","13.1","20.6","11.1","  200","  200","9.4","11.2","    1",,,,,,,
"USW00094789","JFK INTERNATIONAL AIRPORT, NY US","2015-04-18","4.1",,"0.0","0.0","0.0","16.4","22.8","10.6","  190","  190","11.6","14.3",,,,,,,,
"USW00094789","JFK INTERNATIONAL AIRPORT, NY US","2015-04-19","5.4",,"0.0","0.0","0.0","13.3","16.7","8.3","  120","  130","9.8","11.2",,,,,,,,
"USW00094789","JFK INTERNATIONAL AIRPORT, NY US","2015-04-20","7.0",,"22.1","0.0","0.0","10.6","14.4","8.3","  100","  100","16.5","21.5","    1","    1","    1",,,,,
"USW00094789","JFK INTERNATIONAL AIRPORT, NY US","2015-04-21","5.4",,"1.5","0.0","0.0","14.4","19.4","10.0","  270","  270","10.7","13.4","    1",,"    1",,,,,
"USW00094789","JFK INTERNATIONAL AIRPORT, NY US","2015-04-22","6.2",,"4.8","0.0","0.0","12.8","17.2","7.8","  240","  240","16.1","21.0",,,"    1",,,,,
"USW00094789","JFK INTERNATIONAL AIRPORT, NY US","2015-04-23","8.4",,"0.0","0.0","0.0","9.1","12.2","5.6","  270","  270","13.0","16.5",,,,,,,,
"USW00094789","JFK INTERNATIONAL AIRPORT, NY US","2015-04-24","9.7",,"0.0","0.0","0.0","6.9","11.1","3.9","  350","  330","13.4","17.4",,,,,,,,
"USW00094789","JFK INTERNATIONAL AIRPORT, NY US","2015-04-25","4.8",,"0.0","0.0","0.0","7.9","15.0","3.9","  180","  340","8.9","11.6",,,,,,,,
"USW00094789","JFK INTERNATIONAL AIRPORT, NY US","2015-04-26","4.7",,"0.0","0.0","0.0","10.3","15.0","6.1","  190","  320","7.6","9.8",,,,,,,,
"USW00094789","JFK INTERNATIONAL AIRPORT, NY US","2015-04-27","6.6",,"0.0","0.0","0.0","12.8","17.2","9.4","  330","  330","10.7","13.4",,,,,,,,
"USW00094789","JFK INTERNATIONAL AIRPORT, NY US","2015-04-28","6.1",,"0.0","0.0","0.0","14.6","21.7","10.6","  340","  360","10.7","13.9",,,,,,,,
"USW00094789","JFK INTERNATIONAL AIRPORT, NY US","2015-04-29","5.3",,"0.0","0.0","0.0","17.1","25.0","10.0","  310","  300","8.1","10.7",,,,,,,,
"USW00094789","JFK INTERNATIONAL AIRPORT, NY US","2015-04-30","5.6",,"0.0","0.0","0.0","12.7","17.2","8.9","  100","  110","10.3","12.5",,,,,,,,
"USW00094789","JFK INTERNATIONAL AIRPORT, NY US","2015-05-01","3.6",,"0.0","0.0","0.0","10.8","13.3","8.3","  130","  160","7.6","8.9",,,,,,,,
"USW00094789","JFK INTERNATIONAL AIRPORT, NY US","2015-05-02","3.1",,"0.0","0.0","0.0","10.6","16.1","6.1","  140",,"7.2",,,,,,,,,
"USW00094789","JFK INTERNATIONAL AIRPORT, NY US","2015-05-03","3.4",,"0.0","0.0","0.0","12.6","19.4","7.8","  190","  200","8.1","9.8",,,,,,,,
"USW00094789","JFK INTERNATIONAL AIRPORT, NY US","2015-05-04","4.5",,"0.0","0.0","0.0","15.9","23.3","10.0","  190","  190","12.5","14.8",,,,,,,,
"USW00094789","JFK INTERNATIONAL AIRPORT, NY US","2015-05-05","2.4",,"0.0","0.0","0.0","19.2","27.8","12.8","  180","  170","5.8","7.2",,,,,,,,
"USW00094789","JFK INTERNATIONAL AIRPORT, NY US","2015-05-06","3.4",,"0.0","0.0","0.0","18.6","21.1","12.2","   40","   40","7.6","9.8",,,,,,,,
"USW00094789","JFK INTERNATIONAL AIRPORT, NY US","2015-05-07","2.8",,"0.0","0.0","0.0","16.4","22.2","10.6","  190","  180","5.8","6.7","    1","    1",,,,,"    1",
"USW00094789","JFK INTERNATIONAL AIRPORT, NY US","2015-05-08","2.6",,"0.0","0.0","0.0","15.5","22.2","11.7","  170","  180","5.8","7.2","    1","    1",,,,,,
"USW00094789","JFK INTERNATIONAL AIRPORT, NY US","2015-05-09","2.8",,"0.5","0.0","0.0","16.0","17.8","14.4","   80","   90","6.3","7.2","    1","    1",,,,,"    1",
"USW00094789","JFK INTERNATIONAL AIRPORT, NY US","2015-05-10","4.3",,"0.0","0.0","0.0","17.9","23.3","14.4","  190","  190","9.8","11.6","    1","    1",,,,,"    1",
"USW00094789","JFK INTERNATIONAL AIRPORT, NY US","2015-05-11","4.2",,"0.0","0.0","0.0","19.8","25.0","16.7","  180","  180","11.6","14.8","    1","    1",,,,,,
"USW00094789","JFK INTERNATIONAL AIRPORT, NY US","2015-05-12","5.7",,"0.3","0.0","0.0","22.6","30.6","18.3","  290","  310","13.4","17.0","    1","    1",,,,,"    1",
"USW00094789","JFK INTERNATIONAL AIRPORT, NY US","2015-05-13","7.4",,"0.0","0.0","0.0","19.4","22.8","12.8","  320","  310","13.0","17.9",,,,,,,,
"USW00094789","JFK INTERNATIONAL AIRPORT, NY US","2015-05-14","5.2",,"0.0","0.0","0.0","15.4","21.7","10.6","  190","  230","7.6","9.8",,,,,,,,
"USW00094789","JFK INTERNATIONAL AIRPORT, NY US","2015-05-15","5.1",,"0.0","0.0","0.0","15.9","21.7","11.7","  180","  180","9.8","11.2",,,,,,,,
"USW00094789","JFK INTERNATIONAL AIRPORT, NY US","2015-05-16","2.3",,"10.4","0.0","0.0","16.9","21.1","14.4","  170","  160","4.5","5.8","    1",,"    1",,,,"    1",
"USW00094789","JFK INTERNATIONAL AIRPORT, NY US","2015-05-17","2.9",,"0.0","0.0","0.0","20.8","27.2","16.1","  180","  200","5.8","6.7","    1","    1",,,,,"    1",
"USW00094789","JFK INTERNATIONAL AIRPORT, NY US","2015-05-18","4.3",,"0.0","0.0","0.0","17.4","20.0","13.9","   80","  100","9.4","10.3","    1",,,,,,"    1",
"USW00094789","JFK INTERNATIONAL AIRPORT, NY US","2015-05-19","2.5",,"0.0","0.0","0.0","16.9","23.9","13.9","  340","  340","10.3","13.4","    1","    1",,,,,"    1",
"USW00094789","JFK INTERNATIONAL AIRPORT, NY US","2015-05-20","7.1",,"0.0","0.0","0.0","17.5","20.6","12.2","  300","  300","11.6","15.7",,,,,,,,
"USW00094789","JFK INTERNATIONAL AIRPORT, NY US","2015-05-21","2.8",,"0.0","0.0","0.0","13.5","16.7","11.1","  200","  190","7.2","9.4",,,,,,,,
"USW00094789","JFK INTERNATIONAL AIRPORT, NY US","2015-05-22","6.1",,"0.0","0.0","0.0","17.1","26.1","12.2","  300","  300","11.6","15.7",,,,,,,,
"USW00094789","JFK INTERNATIONAL AIRPORT, NY US","2015-05-23","6.6",,"0.0","0.0","0.0","15.6","20.0","10.6","  330","  320","12.5","16.5",,,,,,,,
"USW00094789","JFK INTERNATIONAL AIRPORT, NY US","2015-05-24","6.3",,"0.0","0.0","0.0","16.8","23.3","11.7","  180","  180","10.3","13.0",,,,,,,,
"USW00094789","JFK INTERNATIONAL AIRPORT, NY US","2015-05-25","5.7",,"0.0","0.0","0.0","18.9","25.0","13.9","  190","  190","13.9","17.4",,,,,,,,
"USW00094789","JFK INTERNATIONAL AIRPORT, NY US","2015-05-26","5.7",,"0.0","0.0","0.0","20.1","24.4","15.6","  190","  190","11.6","15.7",,,,,,,,
"USW00094789","JFK INTERNATIONAL AIRPORT, NY US","2015-05-27","6.3",,"0.0","0.0","0.0","19.1","23.3","16.1","  180","  180","16.1","19.7",,,,,,,,
"USW00094789","JFK INTERNATIONAL AIRPORT, NY US","2015-05-28","3.4",,"0.0","0.0","0.0","18.6","25.6","15.6","  180","  180","9.4","11.6","    1",,,,,,"    1",
"USW00094789","JFK INTERNATIONAL AIRPORT, NY US","2015-05-29","3.3",,"0.0","0.0","0.0","21.9","26.7","17.2","  140","   30","6.3","8.1",,,,,,,,
"USW00094789","JFK INTERNATIONAL AIRPORT, NY US","2015-05-30","6.2",,"0.0","0.0","0.0","20.4","25.6","16.7","  180","  180","13.4","16.5","    1",,,,,,"    1",
"USW00094789","JFK INTERNATIONAL AIRPORT, NY US","2015-05-31","4.6",,"0.5","0.0","0.0","20.8","26.1","17.2","  180","  180","10.7","13.4",,,"    1",,,,,
"USW00094789","JFK INTERNATIONAL AIRPORT, NY US","2015-06-01","5.4",,"19.8","0.0","0.0","16.6","17.2","11.1","   90","  100","8.9","10.7","    1",,,,,,"    1",
"USW00094789","JFK INTERNATIONAL AIRPORT, NY US","2015-06-02","4.5",,"8.6","0.0","0.0","11.9","13.3","10.6","   30","   30","7.6","9.4","    1",,,,,,,
"USW00094789","JFK INTERNATIONAL AIRPORT, NY US","2015-06-03","3.9",,"0.0","0.0","0.0","14.3","20.0","11.7","  150","   40","6.7","8.1",,,,,,,,
"USW00094789","JFK INTERNATIONAL AIRPORT, NY US","2015-06-04","5.1",,"0.0","0.0","0.0","15.1","19.4","12.8","  100","  110","10.3","12.5",,,,,,,,
"USW00094789","JFK INTERNATIONAL AIRPORT, NY US","2015-06-05","2.4",,"0.0","0.0","0.0","15.6","20.6","13.9","   40","   40","5.8","9.4",,,,,,,,
"USW00094789","JFK INTERNATIONAL AIRPORT, NY US","2015-06-06","4.0",,"5.1","0.0","0.0","19.0","26.1","15.0","  350","  350","9.8","12.5","    1",,,,,,,
"USW00094789","JFK INTERNATIONAL AIRPORT, NY US","2015-06-07","4.0",,"0.0","0.0","0.0","17.8","21.7","13.3","  180","  170","8.9","11.2",,,,,,,,
"USW00094789","JFK INTERNATIONAL AIRPORT, NY US","2015-06-08","8.1",,"0.5","0.0","0.0","18.7","22.8","16.1","  180","  180","13.9","17.4",,,,,,,,
"USW00094789","JFK INTERNATIONAL AIRPORT, NY US","2015-06-09","6.1",,"0.0","0.0","0.0","21.2","29.4","17.8","  270","  180","10.7","13.4","    1",,,,,,,
"USW00094789","JFK INTERNATIONAL AIRPORT, NY US","2015-06-10","4.9",,"0.0","0.0","0.0","23.3","26.1","18.3","  190","  180","10.3","11.6",,,,,,,,
"USW00094789","JFK INTERNATIONAL AIRPORT, NY US","2015-06-11","4.3",,"0.0","0.0","0.0","23.7","30.6","18.9","  230","  240","7.6","9.8",,,,,,,"    1",
"USW00094789","JFK INTERNATIONAL AIRPORT, NY US","2015-06-12","4.6",,"0.0","0.0","0.0","25.5","29.4","21.7","  180","  190","11.6","13.9",,,,,,,,
"USW00094789","JFK INTERNATIONAL AIRPORT, NY US","2015-06-13","4.8",,"0.0","0.0","0.0","26.4","31.1","19.4","  320","  320","11.6","14.3",,,,,,,,
"USW00094789","JFK INTERNATIONAL AIRPORT, NY US","2015-06-14","3.6",,"7.9","0.0","0.0","23.9","30.0","18.9","  230","  240","8.1","10.3",,,,,,,,
"USW00094789","JFK INTERNATIONAL AIRPORT, NY US","2015-06-15","3.7",,"27.7","0.0","0.0","22.2","27.2","18.9","   30","   30","6.7","7.6","    1",,"    1",,,,"    1",
"USW00094789","JFK INTERNATIONAL AIRPORT, NY US","2015-06-16","3.0",,"2.0","0.0","0.0","20.3","26.1","18.9","  330","  330","7.6","10.3","    1",,,,,,"    1",
"USW00094789","JFK INTERNATIONAL AIRPORT, NY US","2015-06-17","4.3",,"0.0","0.0","0.0","23.5","27.2","18.9","  150","   40","7.6","10.3",,,,,,,,
"USW00094789","JFK INTERNATIONAL AIRPORT, NY US","2015-06-18","3.6",,"0.0","0.0","0.0","19.4","21.7","18.3","  150","  150","6.7","7.2",,,,,,,,
"USW00094789","JFK INTERNATIONAL AIRPORT, NY US","2015-06-19","3.0",,"0.0","0.0","0.0","23.5","31.7","19.4","   20","  330","7.2","10.7",,,,,,,,
"USW00094789","JFK INTERNATIONAL AIRPORT, NY US","2015-06-20","4.7",,"8.1","0.0","0.0","22.3","23.9","19.4","   90","  100","8.1","10.3","    1",,,,,,"    1",
"USW00094789","JFK INTERNATIONAL AIRPORT, NY US","2015-06-21","5.8",,"13.0","0.0","0.0","24.8","32.2","21.7","  310","  310","16.5","20.1","    1",,,,,,"    1",
"USW00094789","JFK INTERNATIONAL AIRPORT, NY US","2015-06-22","5.1",,"0.0","0.0","0.0","27.7","31.7","23.3","  260","  310","8.9","11.6",,,,,,,,
"USW00094789","JFK INTERNATIONAL AIRPORT, NY US","2015-06-23","4.9",,"0.5","0.0","0.0","26.1","31.7","22.2","  250","  250","10.3","13.4",,,"    1",,,,,
"USW00094789","JFK INTERNATIONAL AIRPORT, NY US","2015-06-24","4.9",,"0.0","0.0","0.0","25.9","30.0","20.6","  290","  360","8.9","14.3",,,,,,,,
"USW00094789","JFK INTERNATIONAL AIRPORT, NY US","2015-06-25","4.1",,"0.0","0.0","0.0","24.3","27.8","19.4","  330","   60","11.2","13.0",,,,,,,,
"USW00094789","JFK INTERNATIONAL AIRPORT, NY US","2015-06-26","3.0",,"0.0","0.0","0.0","23.4","27.2","20.6","  110","  110","7.6","9.4",,,,,,,,
"USW00094789","JFK INTERNATIONAL AIRPORT, NY US","2015-06-27","5.3",,"25.9","0.0","0.0","20.2","21.7","16.7","  100","   60","8.1","11.2","    1",,,,,,,
"USW00094789","JFK INTERNATIONAL AIRPORT, NY US","2015-06-28","4.6",,"7.6","0.0","0.0","19.5","24.4","17.8","   80","  110","8.9","13.0","    1",,,,,,,
"USW00094789","JFK INTERNATIONAL AIRPORT, NY US","2015-06-29","5.6",,"0.0","0.0","0.0","22.1","26.1","17.8","  270","  270","9.8","11.6",,,,,,,,
"USW00094789","JFK INTERNATIONAL AIRPORT, NY US","2015-06-30","5.4",,"0.0","0.0","0.0","22.9","27.2","18.9","  160",,"9.8",,,,,,,,,
"USW00094789","JFK INTERNATIONAL AIRPORT, NY US","2015-07-01","6.1",,"6.6","0.0","0.0","24.4","29.4","21.7","  210","  210","13.4","19.2","    1",,"    1",,,,,
"USW00094789","JFK INTERNATIONAL AIRPORT, NY US","2015-07-02","2.4",,"0.8","0.0","0.0","24.8","26.7","20.6","  300","  180","6.3","7.2",,,,,,,,
"USW00094789","JFK INTERNATIONAL AIRPORT, NY US","2015-07-03","3.8",,"0.0","0.0","0.0","22.8","27.8","18.3","  180","   80","7.6","10.7",,,,,,,,
"USW00094789","JFK INTERNATIONAL AIRPORT, NY US","2015-07-04","2.6",,"0.3","0.0","0.0","22.9","26.7","19.4","   30",,"4.9",,,,,,,,,
"USW00094789","JFK INTERNATIONAL AIRPORT, NY US","2015-07-05","4.4",,"0.0","0.0","0.0","23.3","27.2","19.4","  190",,"8.1",,,,,,,,,
"USW00094789","JFK INTERNATIONAL AIRPORT, NY US","2015-07-06","3.5",,"0.0","0.0","0.0","24.0","28.3","20.6","  120",,"6.3",,,,,,,,,
"USW00094789","JFK INTERNATIONAL AIRPORT, NY US","2015-07-07","5.2",,"0.0","0.0","0.0","25.6","28.9","23.3","  180","  170","10.7","13.0","    1","    1",,,,,"    1",
"USW00094789","JFK INTERNATIONAL AIRPORT, NY US","2015-07-08","3.3",,"13.5","0.0","0.0","26.4","31.7","23.3","  200",,"6.3",,,,,,,,"    1",
"USW00094789","JFK INTERNATIONAL AIRPORT, NY US","2015-07-09","3.8",,"8.1","0.0","0.0","23.8","25.0","22.2","  160","   20","6.7","10.7","    1",,"    1",,,,,
"USW00094789","JFK INTERNATIONAL AIRPORT, NY US","2015-07-10","4.7",,"0.0","0.0","0.0","25.2","30.0","22.8","  360","  340","10.3","13.4",,,,,,,,
"USW00094789","JFK INTERNATIONAL AIRPORT, NY US","2015-07-11","3.3",,"0.0","0.0","0.0","25.6","30.0","21.1","  210",,"6.3",,,,,,,,,
"USW00094789","JFK INTERNATIONAL AIRPORT, NY US","2015-07-12","3.6",,"0.0","0.0","0.0","25.8","30.0","21.7","  190","  190","6.3","9.4",,,,,,,,
"USW00094789","JFK INTERNATIONAL AIRPORT, NY US","2015-07-13","3.2",,"0.0","0.0","0.0","25.1","28.9","22.2","  160","  100","6.7","8.9",,,,,,,,
"USW00094789","JFK INTERNATIONAL AIRPORT, NY US","2015-07-14","2.6",,"3.3","0.0","0.0","24.4","26.7","22.8","  120","  120","7.6","9.4","    1",,,,,,,
"USW00094789","JFK INTERNATIONAL AIRPORT, NY US","2015-07-15","3.8",,"1.0","0.0","0.0","24.8","27.8","22.8","  360","   10","11.2","13.4","    1",,"    1",,,,"    1",
"USW00094789","JFK INTERNATIONAL AIRPORT, NY US","2015-07-16","4.6",,"0.0","0.0","0.0","22.8","26.1","18.9","   20","   10","11.2","13.9",,,,,,,,
"USW00094789","JFK INTERNATIONAL AIRPORT, NY US","2015-07-17","5.4",,"0.0","0.0","0.0","22.4","26.7","19.4","  180","  180","9.4","11.2",,,,,,,,
"USW00094789","JFK INTERNATIONAL AIRPORT, NY US","2015-07-18","5.1",,"0.5","0.0","0.0","24.4","28.3","22.8","  190","  190","8.1","10.3",,,"    1",,,,,
"USW00094789","JFK INTERNATIONAL AIRPORT, NY US","2015-07-19","4.3",,"0.0","0.0","0.0","26.7","31.7","23.9","  190","  320","9.8","13.0","    1",,,,,,,
"USW00094789","JFK INTERNATIONAL AIRPORT, NY US","2015-07-20","4.7",,"0.0","0.0","0.0","29.7","35.0","26.1","  190","  190","8.1","9.8",,,,,,,,
"USW00094789","JFK INTERNATIONAL AIRPORT, NY US","2015-07-21","4.3",,"0.0","0.0","0.0","28.9","31.7","24.4","  330","  330","10.3","13.4",,,,,,,,
"USW00094789","JFK INTERNATIONAL AIRPORT, NY US","2015-07-22","6.0",,"0.0","0.0","0.0","26.6","31.7","22.2","  300","  310","10.3","13.4",,,,,,,,
"USW00094789","JFK INTERNATIONAL AIRPORT, NY US","2015-07-23","4.4",,"0.0","0.0","0.0","26.0","31.1","21.1","  200","  200","9.4","11.2",,,,,,,,
"USW00094789","JFK INTERNATIONAL AIRPORT, NY US","2015-07-24","3.6",,"0.0","0.0","0.0","25.7","30.6","20.0","   60","   80","7.2","12.5",,,,,,,,
"USW00094789","JFK INTERNATIONAL AIRPORT, NY US","2015-07-25","3.9",,"0.0","0.0","0.0","25.3","28.9","21.1","  140",,"6.7",,,,,,,,,
"USW00094789","JFK INTERNATIONAL AIRPORT, NY US","2015-07-26","6.0",,"0.0","0.0","0.0","25.9","30.6","21.7","  180","  190","11.6","14.8",,,,,,,,
"USW00094789","JFK INTERNATIONAL AIRPORT, NY US","2015-07-27","4.1",,"0.0","0.0","0.0","25.8","29.4","23.9","  180","  160","7.2","9.4",,,,,,,,
"USW00094789","JFK INTERNATIONAL AIRPORT, NY US","2015-07-28","3.9",,"0.0","0.0","0.0","26.4","31.7","22.8","  190","  180","7.6","9.4",,,,,,,,
"USW00094789","JFK INTERNATIONAL AIRPORT, NY US","2015-07-29","4.5",,"0.0","0.0","0.0","28.9","35.0","23.3","  190","  190","9.8","12.5","    1",,,,,,"    1",
"USW00094789","JFK INTERNATIONAL AIRPORT, NY US","2015-07-30","5.1",,"24.6","0.0","0.0","26.2","29.4","24.4","  180","  180","11.2","14.3","    1",,"    1",,,,"    1",
"USW00094789","JFK INTERNATIONAL AIRPORT, NY US","2015-07-31","3.6",,"0.0","0.0","0.0","27.4","33.9","22.8","  210","  290","7.6","10.7",,,,,,,,
"USW00094789","JFK INTERNATIONAL AIRPORT, NY US","2015-08-01","5.6",,"0.0","0.0","0.0","27.7","32.8","23.3","  230","  280","10.3","11.2",,,,,,,,
"USW00094789","JFK INTERNATIONAL AIRPORT, NY US","2015-08-02","3.6",,"0.0","0.0","0.0","27.4","30.6","21.1","  170","  190","8.1","9.8",,,,,,,,
"USW00094789","JFK INTERNATIONAL AIRPORT, NY US","2015-08-03","5.9",,"0.0","0.0","0.0","26.2","31.7","21.7","  190","  190","12.5","14.8",,,,,,,,
"USW00094789","JFK INTERNATIONAL AIRPORT, NY US","2015-08-04","5.2",,"0.3","0.0","0.0","27.1","33.3","21.1","  290","  280","13.4","16.5",,,"    1",,,,,
"USW00094789","JFK INTERNATIONAL AIRPORT, NY US","2015-08-05","4.7",,"0.0","0.0","0.0","27.8","32.8","21.7","  260","  260","11.6","13.9",,,,,,,,
"USW00094789","JFK INTERNATIONAL AIRPORT, NY US","2015-08-06","3.0",,"0.0","0.0","0.0","25.3","30.0","20.6","  250","  210","7.2","11.2",,,,,,,,
"USW00094789","JFK INTERNATIONAL AIRPORT, NY US","2015-08-07","3.6",,"0.0","0.0","0.0","24.8","30.0","20.6","  110","  130","8.9","10.3",,,,,,,,
"USW00094789","JFK INTERNATIONAL AIRPORT, NY US","2015-08-08","3.0",,"0.0","0.0","0.0","23.8","28.3","19.4","   20","  150","6.7","8.1",,,,,,,,
"USW00094789","JFK INTERNATIONAL AIRPORT, NY US","2015-08-09","3.9",,"0.0","0.0","0.0","24.1","30.6","18.9","  130","  180","7.6","10.7",,,,,,,,
"USW00094789","JFK INTERNATIONAL AIRPORT, NY US","2015-08-10","4.3",,"0.0","0.0","0.0","23.7","27.2","20.0","  140","  150","8.1","9.4",,,,,,,,
"USW00094789","JFK INTERNATIONAL AIRPORT, NY US","2015-08-11","6.0",,"28.7","0.0","0.0","24.3","27.2","22.2","  170","  180","14.3","19.7","    1",,,,,,"    1",
"USW00094789","JFK INTERNATIONAL AIRPORT, NY US","2015-08-12","5.0",,"0.0","0.0","0.0","26.2","31.1","22.8","  330","  310","7.2","10.7",,,,,,,,
"USW00094789","JFK INTERNATIONAL AIRPORT, NY US","2015-08-13","3.4",,"0.0","0.0","0.0","25.1","30.6","20.6","  200","  290","8.1","11.2",,,,,,,,
"USW00094789","JFK INTERNATIONAL AIRPORT, NY US","2015-08-14","3.7",,"0.0","0.0","0.0","24.9","30.0","18.9","  190","  190","9.4","10.7",,,,,,,,
"USW00094789","JFK INTERNATIONAL AIRPORT, NY US","2015-08-15","4.6",,"0.0","0.0","0.0","25.8","31.1","21.1","  190","  190","9.8","11.2",,,,,,,,
"USW00094789","JFK INTERNATIONAL AIRPORT, NY US","2015-08-16","3.2",,"0.0","0.0","0.0","26.8","32.2","23.3","  200","  210","8.1","11.2",,,"    1",,,,,
"USW00094789","JFK INTERNATIONAL AIRPORT, NY US","2015-08-17","4.1",,"0.0","0.0","0.0","26.9","32.8","23.3","  190","  180","8.9","10.7",,,,,,,,
"USW00094789","JFK INTERNATIONAL AIRPORT, NY US","2015-08-18","5.5",,"0.0","0.0","0.0","26.7","30.0","23.9","  180","  170","9.4","13.9",,,,,,,,
"USW00094789","JFK INTERNATIONAL AIRPORT, NY US","2015-08-19","4.7",,"0.0","0.0","0.0","26.7","30.0","24.4","  150","  140","8.9","9.4",,,,,,,,
"USW00094789","JFK INTERNATIONAL AIRPORT, NY US","2015-08-20","5.9",,"0.0","0.0","0.0","27.1","30.6","25.0","  140","  150","10.3","13.4",,,,,,,,
"USW00094789","JFK INTERNATIONAL AIRPORT, NY US","2015-08-21","3.8",,"63.0","0.0","0.0","26.2","30.6","22.8","  350","  350","8.1","10.3","    1",,"    1",,,,,
"USW00094789","JFK INTERNATIONAL AIRPORT, NY US","2015-08-22","3.9",,"0.0","0.0","0.0","25.3","30.0","21.1","  360","   20","8.1","10.3",,,,,,,,
"USW00094789","JFK INTERNATIONAL AIRPORT, NY US","2015-08-23","2.3",,"0.0","0.0","0.0","24.3","28.3","20.6","   30","  190","6.3","7.6",,,,,,,,
"USW00094789","JFK INTERNATIONAL AIRPORT, NY US","2015-08-24","3.4",,"0.0","0.0","0.0","25.1","28.9","21.7","  170","  160","7.2","8.1",,,,,,,,
"USW00094789","JFK INTERNATIONAL AIRPORT, NY US","2015-08-25","5.0",,"0.3","0.0","0.0","26.3","29.4","23.9","  180","  190","8.9","10.7",,,,,,,,
"USW00094789","JFK INTERNATIONAL AIRPORT, NY US","2015-08-26","4.5",,"0.0","0.0","0.0","25.1","28.9","20.0","  260","  270","8.9","10.3",,,,,,,,
"USW00094789","JFK INTERNATIONAL AIRPORT, NY US","2015-08-27","4.2",,"0.0","0.0","0.0","24.2","28.3","20.0","  330","  330","7.6","9.8",,,,,,,,
"USW00094789","JFK INTERNATIONAL AIRPORT, NY US","2015-08-28","3.0",,"0.0","0.0","0.0","23.0","27.8","17.8","  150","  150","7.6","8.9",,,,,,,,
"USW00094789","JFK INTERNATIONAL AIRPORT, NY US","2015-08-29","3.9",,"0.0","0.0","0.0","24.2","28.9","20.0","  180","  190","8.1","9.8",,,,,,,,
"USW00094789","JFK INTERNATIONAL AIRPORT, NY US","2015-08-30","4.3",,"0.0","0.0","0.0","24.9","28.9","20.6","  180","  180","7.6","9.8",,,,,,,,
"USW00094789","JFK INTERNATIONAL AIRPORT, NY US","2015-08-31","5.1",,"0.0","0.0","0.0","27.1","32.8","23.9","  230","  210","8.1","10.3",,,,,,,,
"USW00094789","JFK INTERNATIONAL AIRPORT, NY US","2015-09-01","3.1",,"0.0","0.0","0.0","27.3","30.6","22.8","  160","   50","6.3","8.1",,,,,,,,
"USW00094789","JFK INTERNATIONAL AIRPORT, NY US","2015-09-02","3.9",,"0.0","0.0","0.0","25.4","30.0","21.7","  180","  210","8.1","14.3","    1",,,,,,"    1",
"USW00094789","JFK INTERNATIONAL AIRPORT, NY US","2015-09-03","2.4",,"0.0","0.0","0.0","27.1","33.9","22.8","   10","  360","5.8","7.2",,,,,,,,
"USW00094789","JFK INTERNATIONAL AIRPORT, NY US","2015-09-04","4.9",,"0.0","0.0","0.0","25.8","29.4","21.1","  100","  100","8.1","10.3",,,,,,,"    1",
"USW00094789","JFK INTERNATIONAL AIRPORT, NY US","2015-09-05","3.1",,"0.0","0.0","0.0","22.5","27.2","17.2","   40",,"5.8",,,,,,,,,
"USW00094789","JFK INTERNATIONAL AIRPORT, NY US","2015-09-06","3.1",,"0.0","0.0","0.0","21.8","26.7","16.7","  170","  170","5.8","7.2",,,,,,,,
"USW00094789","JFK INTERNATIONAL AIRPORT, NY US","2015-09-07","5.4",,"0.0","0.0","0.0","24.3","30.0","21.1","  180","  310","9.4","13.9",,,,,,,,
"USW00094789","JFK INTERNATIONAL AIRPORT, NY US","2015-09-08","5.7",,"0.0","0.0","0.0","26.6","32.8","22.8","  180",,"10.3",,,,,,,,,
"USW00094789","JFK INTERNATIONAL AIRPORT, NY US","2015-09-09","5.0",,"1.8","0.0","0.0","26.2","30.6","23.9","  180","   90","10.3","14.8","    1",,"    1",,,,,
"USW00094789","JFK INTERNATIONAL AIRPORT, NY US","2015-09-10","3.6",,"30.0","0.0","0.0","24.2","26.1","21.7","  160","   40","9.8","8.9","    1",,"    1",,,,,
"USW00094789","JFK INTERNATIONAL AIRPORT, NY US","2015-09-11","4.5",,"0.8","0.0","0.0","22.7","27.8","18.9","   10","  360","8.1","10.7","    1",,,,,,,
"USW00094789","JFK INTERNATIONAL AIRPORT, NY US","2015-09-12","5.2",,"6.9","0.0","0.0","23.1","26.7","20.0","   90","  100","11.2","13.4","    1",,,,,,"    1",
"USW00094789","JFK INTERNATIONAL AIRPORT, NY US","2015-09-13","5.5",,"1.0","0.0","0.0","22.5","26.1","16.7","  270","  270","10.3","12.5",,,,,,,,
"USW00094789","JFK INTERNATIONAL AIRPORT, NY US","2015-09-14","6.3",,"0.0","0.0","0.0","19.8","25.6","15.6","  290","  300","9.8","13.9",,,,,,,,
"USW00094789","JFK INTERNATIONAL AIRPORT, NY US","2015-09-15","3.4",,"0.0","0.0","0.0","22.2","26.7","16.7","  190","  180","7.2","8.1",,,,,,,"    1",
"USW00094789","JFK INTERNATIONAL AIRPORT, NY US","2015-09-16","1.9",,"0.0","0.0","0.0","23.2","28.9","16.7","  220","  220","5.8","6.7",,,,,,,,
"USW00094789","JFK INTERNATIONAL AIRPORT, NY US","2015-09-17","2.8",,"0.0","0.0","0.0","23.4","28.9","17.8","  170","  170","6.7","7.6",,,,,,,"    1",
"USW00094789","JFK INTERNATIONAL AIRPORT, NY US","2015-09-18","3.1",,"0.0","0.0","0.0","23.1","28.3","18.3","  200","  100","5.8","11.2",,,,,,,,
"USW00094789","JFK INTERNATIONAL AIRPORT, NY US","2015-09-19","4.1",,"0.0","0.0","0.0","22.8","26.7","20.0","  200","  200","8.9","10.3","    1",,,,,,"    1",
"USW00094789","JFK INTERNATIONAL AIRPORT, NY US","2015-09-20","6.3",,"0.0","0.0","0.0","23.2","26.7","17.8","  350","   10","9.8","11.6",,,,,,,,
"USW00094789","JFK INTERNATIONAL AIRPORT, NY US","2015-09-21","4.7",,"0.0","0.0","0.0","18.7","22.2","15.0","   40","   60","8.9","10.7",,,,,,,,
"USW00094789","JFK INTERNATIONAL AIRPORT, NY US","2015-09-22","4.3",,"0.0","0.0","0.0","19.3","22.8","17.2","   40","   40","7.6","9.4",,,,,,,,
"USW00094789","JFK INTERNATIONAL AIRPORT, NY US","2015-09-23","2.6",,"0.0","0.0","0.0","19.8","26.7","14.4","   40","  340","6.7","12.5",,,,,,,,
"USW00094789","JFK INTERNATIONAL AIRPORT, NY US","2015-09-24","3.4",,"0.0","0.0","0.0","20.6","28.3","15.0","   60","   30","6.7","10.7",,,,,,,,
"USW00094789","JFK INTERNATIONAL AIRPORT, NY US","2015-09-25","4.1",,"0.0","0.0","0.0","20.2","23.9","17.2","  120","  130","7.2","9.4",,,,,,,,
"USW00094789","JFK INTERNATIONAL AIRPORT, NY US","2015-09-26","4.7",,"0.0","0.0","0.0","18.8","22.8","15.0","  120","  120","9.4","12.5",,,,,,,,
"USW00094789","JFK INTERNATIONAL AIRPORT, NY US","2015-09-27","3.2",,"0.0","0.0","0.0","17.2","22.2","13.3","   30","   30","6.3","7.6",,,,,,,,
"USW00094789","JFK INTERNATIONAL AIRPORT, NY US","2015-09-28","2.7",,"1.0","0.0","0.0","19.8","26.1","16.1","   10",,"7.6",,"    1","    1",,,,,,
"USW00094789","JFK INTERNATIONAL AIRPORT, NY US","2015-09-29","3.3",,"3.3","0.0","0.0","22.8","26.7","20.6","  120","  120","7.6","9.8","    1",,,,,,"    1",
"USW00094789","JFK INTERNATIONAL AIRPORT, NY US","2015-09-30","7.3",,"20.8","0.0","0.0","23.0","25.6","15.6","  130","  140","12.5","15.7","    1",,,,,,,
"USW00094789","JFK INTERNATIONAL AIRPORT, NY US","2015-10-01","6.7",,"2.0","0.0","0.0","15.5","16.1","13.3","   30","   40","10.7","13.4",,,,,,,,
"USW00094789","JFK INTERNATIONAL AIRPORT, NY US","2015-10-02","8.3",,"46.0","0.0","0.0","12.1","13.9","10.0","   30","   30","13.4","17.4","    1",,,,,,,
"USW00094789","JFK INTERNATIONAL AIRPORT, NY US","2015-10-03","8.7",,"4.1","0.0","0.0","11.4","13.9","10.6","   50","   50","12.5","17.4","    1",,,,,,,
"USW00094789","JFK INTERNATIONAL AIRPORT, NY US","2015-10-04","6.9",,"0.0","0.0","0.0","14.7","18.9","12.2","   40","   30","11.6","13.9",,,,,,,,
"USW00094789","JFK INTERNATIONAL AIRPORT, NY US","2015-10-05","5.3",,"0.0","0.0","0.0","14.6","19.4","11.7","   10","   30","8.9","11.2",,,,,,,,
"USW00094789","JFK INTERNATIONAL AIRPORT, NY US","2015-10-06","2.6",,"0.0","0.0","0.0","16.3","23.3","10.6","  320","  320","6.3","7.6",,,,,,,,
"USW00094789","JFK INTERNATIONAL AIRPORT, NY US","2015-10-07","3.2",,"0.0","0.0","0.0","17.7","21.7","13.9","  310","  320","5.8","7.2",,,,,,,,
"USW00094789","JFK INTERNATIONAL AIRPORT, NY US","2015-10-08","2.8",,"0.0","0.0","0.0","17.6","21.1","12.8","  140","  140","6.3","7.6",,,,,,,,
"USW00094789","JFK INTERNATIONAL AIRPORT, NY US","2015-10-09","6.0",,"7.1","0.0","0.0","18.8","23.3","16.1","  300","  290","10.3","16.1","    1",,"    1",,,,,
"USW00094789","JFK INTERNATIONAL AIRPORT, NY US","2015-10-10","4.2",,"0.0","0.0","0.0","15.9","18.9","11.1","  320","  330","11.6","13.9",,,,,,,,
"USW00094789","JFK INTERNATIONAL AIRPORT, NY US","2015-10-11","4.3",,"0.0","0.0","0.0","14.6","20.0","10.0","  190","  200","6.7","8.1",,,,,,,,
"USW00094789","JFK INTERNATIONAL AIRPORT, NY US","2015-10-12","3.8",,"0.0","0.0","0.0","16.8","22.2","11.7","  170","  160","7.6","9.4",,,,,,,,
"USW00094789","JFK INTERNATIONAL AIRPORT, NY US","2015-10-13","4.2",,"0.0","0.0","0.0","18.9","23.3","15.6","  230","  240","8.9","10.3",,,,,,,,
"USW00094789","JFK INTERNATIONAL AIRPORT, NY US","2015-10-14","5.2",,"0.0","0.0","0.0","18.1","21.1","14.4","  340","  280","8.1","10.7",,,,,,,,
"USW00094789","JFK INTERNATIONAL AIRPORT, NY US","2015-10-15","5.0",,"0.0","0.0","0.0","15.2","18.3","11.1","  230","  230","8.9","10.7",,,,,,,,
"USW00094789","JFK INTERNATIONAL AIRPORT, NY US","2015-10-16","5.5",,"0.0","0.0","0.0","15.7","18.9","12.2","  220","  220","9.4","12.5",,,,,,,,
"USW00094789","JFK INTERNATIONAL AIRPORT, NY US","2015-10-17","6.2",,"0.0","0.0","0.0","12.1","14.4","6.1","  320","  330","10.7","13.4",,,,,,,,
"USW00094789","JFK INTERNATIONAL AIRPORT, NY US","2015-10-18","5.9",,"0.0","0.0","0.0","7.2","11.7","3.3","  320","  310","10.7","13.9",,,,,,,,
"USW00094789","JFK INTERNATIONAL AIRPORT, NY US","2015-10-19","4.9",,"0.0","0.0","0.0","6.3","11.1","2.2","  230","  230","10.7","13.4",,,,,,,,
"USW00094789","JFK INTERNATIONAL AIRPORT, NY US","2015-10-20","7.0",,"0.0","0.0","0.0","13.2","21.1","9.4","  240","  240","10.7","12.5",,,,,,,,
"USW00094789","JFK INTERNATIONAL AIRPORT, NY US","2015-10-21","2.7",,"0.0","0.0","0.0","16.2","21.7","11.1","  180","  170","5.4","6.7",,,,,,,,
"USW00094789","JFK INTERNATIONAL AIRPORT, NY US","2015-10-22","4.2",,"0.0","0.0","0.0","16.2","21.1","11.7","  230","  100","7.2","10.3",,,,,,,,
"USW00094789","JFK INTERNATIONAL AIRPORT, NY US","2015-10-23","6.5",,"0.0","0.0","0.0","15.6","18.9","6.7","  360","  330","10.7","13.4",,,,,,,,
"USW00094789","JFK INTERNATIONAL AIRPORT, NY US","2015-10-24","4.2",,"0.0","0.0","0.0","9.5","15.0","5.6","  170","  170","6.7","9.4",,,,,,,,
"USW00094789","JFK INTERNATIONAL AIRPORT, NY US","2015-10-25","6.5",,"0.5","0.0","0.0","16.0","21.1","9.4","  330","  320","11.2","17.4",,,,,,,,
"USW00094789","JFK INTERNATIONAL AIRPORT, NY US","2015-10-26","3.0",,"0.0","0.0","0.0","11.5","15.6","7.2","   40","  360","7.6","9.8",,,,,,,,
"USW00094789","JFK INTERNATIONAL AIRPORT, NY US","2015-10-27","3.5",,"0.0","0.0","0.0","10.5","15.0","5.6","   60",,"5.4",,,,,,,,,
"USW00094789","JFK INTERNATIONAL AIRPORT, NY US","2015-10-28","8.8",,"45.5","0.0","0.0","14.1","20.0","11.1","  200","  160","14.3","17.9","    1",,,,,,,
"USW00094789","JFK INTERNATIONAL AIRPORT, NY US","2015-10-29","6.9",,"1.5","0.0","0.0","19.3","23.3","15.0","  190","  190","13.9","17.4","    1",,,,,,,
"USW00094789","JFK INTERNATIONAL AIRPORT, NY US","2015-10-30","6.1",,"0.0","0.0","0.0","14.2","17.2","8.3","  330","  290","9.8","12.5",,,,,,,,
"USW00094789","JFK INTERNATIONAL AIRPORT, NY US","2015-10-31","3.0",,"0.0","0.0","0.0","9.3","12.8","4.4","   10","   10","6.3","7.6",,,,,,,,
"USW00094789","JFK INTERNATIONAL AIRPORT, NY US","2015-11-01","5.4",,"0.0","0.0","0.0","14.3","17.8","12.2","  220","  210","9.4","12.5",,,,,,,,
"USW00094789","JFK INTERNATIONAL AIRPORT, NY US","2015-11-02","2.2",,"0.0","0.0","0.0","14.9","18.3","10.6","  270","  260","5.8","7.2",,,,,,,,
"USW00094789","JFK INTERNATIONAL AIRPORT, NY US","2015-11-03","2.0",,"0.0","0.0","0.0","13.6","21.1","7.2","  210","  220","5.8","6.7","    1",,,,,,,
"USW00094789","JFK INTERNATIONAL AIRPORT, NY US","2015-11-04","2.8",,"0.0","0.0","0.0","15.4","20.6","10.0","  110","  110","7.6","9.4","    1",,,,,,,
"USW00094789","JFK INTERNATIONAL AIRPORT, NY US","2015-11-05","1.6",,"0.3","0.0","0.0","15.4","20.6","11.7","  210","  210","4.0","10.3","    1","    1",,,,,,
"USW00094789","JFK INTERNATIONAL AIRPORT, NY US","2015-11-06","4.2",,"0.0","0.0","0.0","18.5","23.9","16.7","  180","  100","9.4","11.2","    1","    1",,,,,"    1",
"USW00094789","JFK INTERNATIONAL AIRPORT, NY US","2015-11-07","5.0",,"0.0","0.0","0.0","18.2","21.1","12.8","  320","  330","10.3","13.9",,,,,,,,
"USW00094789","JFK INTERNATIONAL AIRPORT, NY US","2015-11-08","4.4",,"0.0","0.0","0.0","12.4","15.6","6.1","  310","  340","10.7","13.4",,,,,,,,
"USW00094789","JFK INTERNATIONAL AIRPORT, NY US","2015-11-09","1.5",,"0.0","0.0","0.0","9.9","15.0","3.9","  190","  200","4.0","5.8",,,,,,,,
"USW00094789","JFK INTERNATIONAL AIRPORT, NY US","2015-11-10","5.4",,"11.4","0.0","0.0","13.7","15.0","11.7","   60","   40","9.8","12.5","    1",,,,,,,
"USW00094789","JFK INTERNATIONAL AIRPORT, NY US","2015-11-11","5.7",,"2.3","0.0","0.0","12.2","15.0","10.0","  350","  360","10.7","13.0","    1",,,,,,,
"USW00094789","JFK INTERNATIONAL AIRPORT, NY US","2015-11-12","4.9",,"1.3","0.0","0.0","13.4","15.6","11.1","  290","  290","11.6","16.1","    1",,,,,,,
"USW00094789","JFK INTERNATIONAL AIRPORT, NY US","2015-11-13","9.1",,"0.0","0.0","0.0","13.9","16.1","8.9","  270","  270","14.8","18.3",,,,,,,,
"USW00094789","JFK INTERNATIONAL AIRPORT, NY US","2015-11-14","7.8",,"0.0","0.0","0.0","9.3","10.6","5.6","  310","  290","13.0","17.0",,,,,,,,
"USW00094789","JFK INTERNATIONAL AIRPORT, NY US","2015-11-15","5.7",,"0.0","0.0","0.0","8.7","15.0","4.4","  250","  260","8.1","9.8",,,,,,,,
"USW00094789","JFK INTERNATIONAL AIRPORT, NY US","2015-11-16","4.1",,"0.0","0.0","0.0","13.2","20.6","7.2","   20","   20","7.6","9.4",,,,,,,,
"USW00094789","JFK INTERNATIONAL AIRPORT, NY US","2015-11-17","3.6",,"0.0","0.0","0.0","9.8","11.7","4.4","   50","   40","7.6","9.8",,,,,,,,
"USW00094789","JFK INTERNATIONAL AIRPORT, NY US","2015-11-18","5.0",,"0.0","0.0","0.0","10.1","15.6","6.1","  120","  130","7.6","10.7",,,,,,,,
"USW00094789","JFK INTERNATIONAL AIRPORT, NY US","2015-11-19","8.5",,"14.7","0.0","0.0","15.4","17.2","14.4","  170","  170","13.4","17.4","    1",,,,,,,
"USW00094789","JFK INTERNATIONAL AIRPORT, NY US","2015-11-20","5.7",,"0.0","0.0","0.0","15.2","17.2","7.2","  310","  310","10.7","13.9","    1",,,,,,,
"USW00094789","JFK INTERNATIONAL AIRPORT, NY US","2015-11-21","4.7",,"0.0","0.0","0.0","8.7","12.8","5.6","  360","  360","9.4","11.2",,,,,,,,
"USW00094789","JFK INTERNATIONAL AIRPORT, NY US","2015-11-22","5.8",,"0.0","0.0","0.0","11.8","14.4","6.7","  360","  350","11.6","14.3",,,,,,,,
"USW00094789","JFK INTERNATIONAL AIRPORT, NY US","2015-11-23","6.8",,"0.0","0.0","0.0","5.8","7.8","1.7","  360","  360","11.2","13.9",,,,,,,,
"USW00094789","JFK INTERNATIONAL AIRPORT, NY US","2015-11-24","3.1",,"0.0","0.0","0.0","3.9","8.9","-0.5","  310","  240","6.7","8.9",,,,,,,,
"USW00094789","JFK INTERNATIONAL AIRPORT, NY US","2015-11-25","1.7",,"0.0","0.0","0.0","5.8","10.6","0.0","   70","   70","4.0","6.3",,,,,,,,
"USW00094789","JFK INTERNATIONAL AIRPORT, NY US","2015-11-26","2.9",,"0.0","0.0","0.0","7.8","15.6","1.7","  160","  120","5.4","6.7","    1",,,,,,,
"USW00094789","JFK INTERNATIONAL AIRPORT, NY US","2015-11-27","2.4",,"0.0","0.0","0.0","12.2","17.2","6.1","  220","  200","5.4","7.2","    1",,,,,,,
"USW00094789","JFK INTERNATIONAL AIRPORT, NY US","2015-11-28","3.6",,"0.5","0.0","0.0","12.7","18.3","7.8","   10","  350","7.2","8.9",,,,,,,,
"USW00094789","JFK INTERNATIONAL AIRPORT, NY US","2015-11-29","5.1",,"0.0","0.0","0.0","6.9","10.0","3.3","   20","   10","7.6","9.8",,,,,,,,
"USW00094789","JFK INTERNATIONAL AIRPORT, NY US","2015-11-30","4.0",,"0.0","0.0","0.0","5.2","10.0","1.1","   40","   40","7.2","9.8",,,,,,,,
"USW00094789","JFK INTERNATIONAL AIRPORT, NY US","2015-12-01","4.9",,"7.4","0.0","0.0","8.8","11.7","7.8","   30","   90","9.8","11.2","    1",,,,,,,
"USW00094789","JFK INTERNATIONAL AIRPORT, NY US","2015-12-02","2.0",,"3.0","0.0","0.0","9.9","13.9","8.3","  280","  270","7.6","10.3","    1","    1",,,,,,
"USW00094789","JFK INTERNATIONAL AIRPORT, NY US","2015-12-03","7.2",,"0.0","0.0","0.0","11.1","13.3","7.2","  300","  310","11.6","14.8",,,,,,,,
"USW00094789","JFK INTERNATIONAL AIRPORT, NY US","2015-12-04","4.7",,"0.0","0.0","0.0","8.5","11.7","5.0","  310","  290","8.1","11.6",,,,,,,,
"USW00094789","JFK INTERNATIONAL AIRPORT, NY US","2015-12-05","2.4",,"0.0","0.0","0.0","7.2","11.7","1.7","  350",,"5.4",,,,,,,,,
"USW00094789","JFK INTERNATIONAL AIRPORT, NY US","2015-12-06","2.9",,"0.0","0.0","0.0","7.0","10.6","3.3","  230","  220","5.8","6.7",,,,,,,,
"USW00094789","JFK INTERNATIONAL AIRPORT, NY US","2015-12-07","3.4",,"0.0","0.0","0.0","8.2","12.8","4.4","  360","  360","6.7","8.1",,,,,,,"    1",
"USW00094789","JFK INTERNATIONAL AIRPORT, NY US","2015-12-08","3.5",,"0.0","0.0","0.0","7.8","10.6","4.4","  360","  360","8.1","9.8",,,,,,,,
"USW00094789","JFK INTERNATIONAL AIRPORT, NY US","2015-12-09","3.4",,"0.0","0.0","0.0","6.9","12.8","1.1","  170","  160","8.9","11.6",,,,,,,,
"USW00094789","JFK INTERNATIONAL AIRPORT, NY US","2015-12-10","3.0",,"0.0","0.0","0.0","12.3","15.0","8.9","  170","  180","7.6","9.4","    1",,,,,,"    1",
"USW00094789","JFK INTERNATIONAL AIRPORT, NY US","2015-12-11","2.7",,"0.0","0.0","0.0","11.0","14.4","7.8","  240","  240","5.8","7.2","    1","    1",,,,,"    1",
"USW00094789","JFK INTERNATIONAL AIRPORT, NY US","2015-12-12","1.9",,"0.0","0.0","0.0","13.2","17.8","9.4","  260","  270","5.4","6.3","    1",,,,,,,
"USW00094789","JFK INTERNATIONAL AIRPORT, NY US","2015-12-13","3.1",,"0.0","0.0","0.0","14.2","21.1","11.7","  110","  100","7.2","9.8","    1",,,,,,"    1",
"USW00094789","JFK INTERNATIONAL AIRPORT, NY US","2015-12-14","4.8",,"9.1","0.0","0.0","12.9","16.1","11.7","  180","  180","13.0","16.1","    1","    1",,,,,,
"USW00094789","JFK INTERNATIONAL AIRPORT, NY US","2015-12-15","8.2",,"2.3","0.0","0.0","15.7","17.8","11.7","  330","  310","13.4","17.9","    1","    1",,,,,,
"USW00094789","JFK INTERNATIONAL AIRPORT, NY US","2015-12-16","4.1",,"1.3","0.0","0.0","10.6","11.7","7.2","  330","  320","8.9","10.3","    1",,,,,,,
"USW00094789","JFK INTERNATIONAL AIRPORT, NY US","2015-12-17","4.1",,"29.7","0.0","0.0","12.2","15.0","10.0","  140","  130","9.4","12.5","    1",,,,,,,
"USW00094789","JFK INTERNATIONAL AIRPORT, NY US","2015-12-18","6.1",,"0.3","0.0","0.0","10.9","14.4","3.9","  310","  310","11.6","14.3",,,,,,,,
"USW00094789","JFK INTERNATIONAL AIRPORT, NY US","2015-12-19","9.0",,"0.0","0.0","0.0","4.0","5.0","2.2","  270","  270","13.4","17.4",,,,,,,,
"USW00094789","JFK INTERNATIONAL AIRPORT, NY US","2015-12-20","5.1",,"0.0","0.0","0.0","4.3","6.7","1.7","  320","  310","11.2","14.3",,,,,,,,
"USW00094789","JFK INTERNATIONAL AIRPORT, NY US","2015-12-21","5.3",,"0.0","0.0","0.0","7.7","12.8","3.3","  210","  210","10.3","13.0",,,,,,,,
"USW00094789","JFK INTERNATIONAL AIRPORT, NY US","2015-12-22","3.8",,"4.8","0.0","0.0","12.5","15.6","11.1","  180","  200","7.6","9.8","    1","    1",,,,,,
"USW00094789","JFK INTERNATIONAL AIRPORT, NY US","2015-12-23","4.5",,"29.5","0.0","0.0","12.4","17.2","8.9","  180","  180","11.2","14.8","    1","    1",,,,,,
"USW00094789","JFK INTERNATIONAL AIRPORT, NY US","2015-12-24","4.9",,"0.5","0.0","0.0","16.4","20.6","13.9","  180","  190","10.7","13.4","    1","    1",,,,,,
"USW00094789","JFK INTERNATIONAL AIRPORT, NY US","2015-12-25","0.9",,"2.5","0.0","0.0","15.0","17.8","11.1","  330","  330","5.4","6.3","    1","    1",,,,,,
"USW00094789","JFK INTERNATIONAL AIRPORT, NY US","2015-12-26","4.8",,"0.3","0.0","0.0","13.1","15.6","9.4","   10","   10","9.4","11.6","    1",,,,,,"    1",
"USW00094789","JFK INTERNATIONAL AIRPORT, NY US","2015-12-27","5.5",,"2.0","0.0","0.0","12.1","17.2","8.9","  320","  320","10.3","13.0","    1","    1",,,,,,
"USW00094789","JFK INTERNATIONAL AIRPORT, NY US","2015-12-28","6.3",,"1.3","3.0","0.0","7.5","8.9","1.7","  320","   80","10.3","16.5","    1",,,"    1",,,,
"USW00094789","JFK INTERNATIONAL AIRPORT, NY US","2015-12-29","5.3",,"16.8","0.0","0.0","5.5","9.4","1.1","   80","   90","10.7","13.4","    1",,,,,,,
"USW00094789","JFK INTERNATIONAL AIRPORT, NY US","2015-12-30","3.0",,"9.4","0.0","0.0","6.2","10.6","5.0","  350","  340","9.8","11.6","    1",,,,,,,
"USW00094789","JFK INTERNATIONAL AIRPORT, NY US","2015-12-31","5.5",,"1.5","0.0","0.0","9.1","11.1","6.1","  320","  300","8.9","11.2","    1",,,,,,,
